,State,Square km,Unnamed: 0,Number of Fires
0,AC,424.7,0,285.96234309623435
1,AM,751.9,1,491.49372384937243
2,AP,32.3,2,105.0878661087866
3,MA,709.65,3,1570.2050209205024
4,MT,4284.4,4,2738.8702928870293
5,PA,4683.75,5,2417.744769874477
6,RO,1797.55,6,775.6778242677824
7,RR,232.15,7,123.23849372384936
8,TO,139.4,8,888.8368200836819
