,state,precipitation,Number of Fires
0,AC,166.02217573221753,3417.25
1,AM,193.74476987447704,5873.35
2,AP,207.71344537815108,1255.8
3,MA,174.10083682008386,18763.95
4,MT,120.52587719298252,32729.5
5,PA,275.70251046025106,28892.05
6,RR,150.46694560669462,1472.7
7,TO,150.9564853556485,10621.6
