state,precipitation
AC,166.02217573221753
AM,193.74476987447702
AP,207.71344537815108
MA,174.10083682008383
MT,120.52587719298252
PA,275.70251046025106
RR,150.46694560669462
TO,150.9564853556485
