state,precipitation
AC,39679.29999999999
AM,46305.00000000001
AP,49435.79999999996
MA,41610.100000000035
MT,27479.900000000016
PA,65892.90000000001
RR,35961.60000000001
TO,36078.59999999999
